{
  "POST /pedido" : {
    "transaction" : "POST /pedido",
    "sampleCount" : 6044,
    "errorCount" : 0,
    "errorPct" : 0.0,
    "meanResTime" : 174.49503639973508,
    "medianResTime" : 156.0,
    "minResTime" : 136.0,
    "maxResTime" : 1083.0,
    "pct1ResTime" : 254.5,
    "pct2ResTime" : 274.0,
    "pct3ResTime" : 293.0,
    "throughput" : 6.716488401166829,
    "receivedKBytesPerSec" : 1.7581608556743993,
    "sentKBytesPerSec" : 7.844677863244895
  },
  "Total" : {
    "transaction" : "Total",
    "sampleCount" : 6044,
    "errorCount" : 0,
    "errorPct" : 0.0,
    "meanResTime" : 174.49503639973508,
    "medianResTime" : 156.0,
    "minResTime" : 136.0,
    "maxResTime" : 1083.0,
    "pct1ResTime" : 254.5,
    "pct2ResTime" : 274.0,
    "pct3ResTime" : 293.0,
    "throughput" : 6.716488401166829,
    "receivedKBytesPerSec" : 1.7581608556743993,
    "sentKBytesPerSec" : 7.844677863244895
  }
}